Wood Store;CarpinterÌa de madera;;LAS PALMAS;http://www.wood-store.es/?utm_campaign=paginasamarillas&utm_source=paginasamarillas&utm_medium=referral
Iscarma;CarpinterÌa de madera;;VALLADOLID;http://www.iscarma.com/?utm_campaign=paginasamarillas&utm_source=paginasamarillas&utm_medium=referral
Dany Carpint;CarpinterÌa de madera;['info@danycarpint.com'];NAVARRA;https://www.danycarpint.com/
Instalaciones Lazar;CarpinterÌa de madera;['instalacioneslazar@yahoo.com'];NAVARRA;https://www.instalacioneslazar.com/
Carpipro;CarpinterÌa de madera;;MADRID;http://carpipro.es/?utm_campaign=paginasamarillas&utm_source=paginasamarillas&utm_medium=referral
Decopalets SL;CarpinterÌa de madera;;BARCELONA;http://decopalets.net/?utm_campaign=paginasamarillas&utm_source=paginasamarillas&utm_medium=referral
Toaster Home;CarpinterÌa de madera;[];BARCELONA;https://www.toasterhome.com/
Cozy Home;CarpinterÌa de madera;;M¡LAGA;http://www.cozyhomeconstruccionesdemadera.com/?utm_campaign=paginasamarillas&utm_source=paginasamarillas&utm_medium=referral
Carpinteria Iturrioz S.l.;CarpinterÌa de madera;;GIPUZKOA;http://www.iturrioz.es/?utm_campaign=paginasamarillas&utm_source=paginasamarillas&utm_medium=referral
Herrerocyd;CarpinterÌa de madera;;MURCIA;http://www.herrerocyd.es/?utm_campaign=paginasamarillas&utm_source=paginasamarillas&utm_medium=referral
Ebanisteria Vimar;CarpinterÌa de madera;[];GIPUZKOA;http://www.ebanisteriavimar.es/?utm_campaign=paginasamarillas&utm_source=paginasamarillas&utm_medium=referral
Muebles Leyal;CarpinterÌa de madera;;LA RIOJA;http://tps//www.mueblesleyal.es?utm_campaign=paginasamarillas&utm_source=paginasamarillas&utm_medium=referral
CarpinterÌa Garridoor;CarpinterÌa de madera;;MADRID;https://garridoor.es/
Wood Store;Carpinter√≠a de madera;<class 'list'>;LAS PALMAS;http://www.wood-store.es/?utm_campaign=paginasamarillas&utm_source=paginasamarillas&utm_medium=referral
Ebanister√≠a Carpinter√≠a Ballesteros S.L.U.;Carpinter√≠a de madera;<class 'list'>;MADRID;http://www.ebanisteriaballesteros.com/?utm_campaign=paginasamarillas&utm_source=paginasamarillas&utm_medium=referral
Mobicar Iberia;Carpinter√≠a de madera;<class 'list'>;MADRID;http://mobicariberia.es/?utm_campaign=paginasamarillas&utm_source=paginasamarillas&utm_medium=referral
Ebanisteria Vimar;Carpinter√≠a de madera;[];GIPUZKOA;http://www.ebanisteriavimar.es/?utm_campaign=paginasamarillas&utm_source=paginasamarillas&utm_medium=referral
Artehogar Marbella;Carpinter√≠a de madera;<class 'list'>;M√ÅLAGA;http://www.artehogarmarbella.com/?utm_campaign=paginasamarillas&utm_source=paginasamarillas&utm_medium=referral
Herrerocyd;Carpinter√≠a de madera;<class 'list'>;MURCIA;http://www.herrerocyd.es/?utm_campaign=paginasamarillas&utm_source=paginasamarillas&utm_medium=referral
Carpinter√≠a Toni Ure√±a;Carpinter√≠a de madera;['info.carpinteriaurena@gmail.com'];VALENCIA;https://www.xn--carpinteriaurea-crb.es/
Mobles Gallent;Carpinter√≠a de madera;['info@moblesgallent.com'];TARRAGONA;https://www.moblesgallent.com/
Toaster Home;Carpinter√≠a de madera;[];BARCELONA;https://www.toasterhome.com/
Iscarma;Carpinter√≠a de madera;<class 'list'>;VALLADOLID;http://www.iscarma.com/?utm_campaign=paginasamarillas&utm_source=paginasamarillas&utm_medium=referral
Instalaciones Lazar;Carpinter√≠a de madera;['instalacioneslazar@yahoo.com'];NAVARRA;https://www.instalacioneslazar.com/
Ddv Fusteria;Carpinter√≠a de madera;[];GIRONA;https://www.ddvfusteria.cat/
Beterval GrifStyl;Carpinter√≠a de madera;['pedidos@beterval.com'];VALENCIA;http://www.beterval.com/?utm_campaign=paginasamarillas&utm_source=paginasamarillas&utm_medium=referral
